step,train_loss,val_loss,val_ppl
500,4.231147010136869,4.179363965988159,65.32429152687723
