set,exists,chars_raw,words,unique_words,avg_word_length,oov_rate_vs_train
train,True,864424,162938,10415,4.096650259607949,
valid,True,104274,19729,3236,4.068376501596634,0.02828323787318161
test,True,103975,19563,3158,4.102284925624904,0.023513776005725094
full,True,1115634,196336,11337,4.092565805557819,0.005184988998451634
webtext,True,1612682,306578,16473,4.260266555330128,0.2510551963937399
