set,exists,chars_raw,lines,whitespace_tokens,alphabetic_words_[A-Za-z]+,digit_tokens,punct_tokens,avg_token_len
full,True,1115634,107156,190999,196336,3,43900,4.45033220069215
train,True,864424,1,158546,162938,3,36233,4.4520959216883425
valid,True,104274,1,19090,19729,0,4595,4.462231534834992
test,True,103975,1,19090,19563,0,4408,4.446568884232582
